Roll,Name,Email
2001CB06,Conrado Housley,chousley5@dailymotion.com
2001CB07,Rollo Gumbley,rgumbley6@nbcnews.com
2001CB08,Kaylee Gobel,kgobel7@skype.com
2001CB09,Cynde McGuiney,cmcguiney8@berkeley.edu
2001CB10,Tedman Gammack,tgammack9@istockphoto.com
2001CE06,Abbey Jockle,ajockle1x@opera.com
2001CE07,Adelle De Lascy,ade1y@hubpages.com
2001CE08,Clarke Dunn,cdunn1z@spotify.com
2001CE09,Klarika Compton,kcompton20@ifeng.com
2001CE10,Denna Miroy,dmiroy21@xinhuanet.com
2001CE66,Alys Churchill,achurchill3l@cdc.gov
2001CS07,Bartram Brear,bbrear3s@indiatimes.com
2001CS08,Ansley D'Agostino,adagostino3t@blogtalkradio.com
2001CS09,Valaria Powland,vpowland3u@boston.com
2001CS10,Elonore Reddell,ereddell3v@umich.edu
2001CS11,Jazmin Scroggie,jscroggie3w@cisco.com
2001CS12,Sawyere MacLeod,smacleod3x@time.com
2001CS79,Solomon Hellewell,shellewell5s@who.int
2001CS80,Mortimer Nasi,mnasi5t@wix.com
2001CS81,Rhoda Brisset,rbrisset5u@hexun.com
2001EE07,Virge Devenish,vdevenish61@cyberchimps.com
2001EE08,Jodi Bidnall,jbidnall62@facebook.com
2001EE09,Rupert Kohen,rkohen63@cam.ac.uk
2001EE10,Vincenty Dovidaitis,vdovidaitis64@about.me
2001EE11,Eric Braisher,ebraisher65@php.net
2001EE12,Sheelah Crotch,scrotch66@loc.gov
2001EE79,Wendi Narup,wnarup81@biblegateway.com
2001EE80,Dominic Celier,dcelier82@gizmodo.com
2001EE81,Corella Saunders,csaunders83@google.co.jp
2001EE82,Gregor Chucks,gchucks84@nytimes.com
2001EE83,Shel Skep,sskep85@vimeo.com
2001ME07,Seka Decaze,sdecaze8c@unicef.org
2001ME08,Adeline Westgarth,awestgarth8d@so-net.ne.jp
2001ME09,Francoise Baudou,fbaudou8e@prweb.com
2001ME10,Land Groveham,lgroveham8f@mlb.com
2001ME11,Jorrie Standbrook,jstandbrook8g@istockphoto.com
2001ME12,Dion Lester,dlester8h@google.fr
2001ME79,Vickie Levane,vlevaneac@chron.com
2001ME80,Katherina Treneer,ktreneerad@stanford.edu
2001ME81,Joete Hinkley,jhinkleyae@cnn.com
2001ME82,Chet Plaister,cplaisteraf@amazon.com
2001ME83,Saudra Sunock,ssunockag@1688.com
2001MM04,Had Coad,hcoadak@umn.edu
2001MM05,Chauncey Vinton,cvintonal@ocn.ne.jp
2001MM06,Pedro Armatage,parmatageam@latimes.com
2001MM40,Oswald Spencers,ospencersbk@tumblr.com
